record_id,lead_source_id,lane,title,authors,year,publication,doi,canonical_url,accessed_on,access_status,evidence_scope,sequence_allegation,sequence_assessment,sequence_intervention,sequence_review,sequence_later_outcome,disposition,notes
LP-001,,autonomous Indigenous governance primary architecture,Chiapas: la treceava estela. Sexta parte: un buen gobierno,Ejercito Zapatista de Liberacion Nacional; Subcomandante Insurgente Marcos,2003,Enlace Zapatista,,https://enlacezapatista.ezln.org.mx/2003/07/21/chiapas-la-treceava-estela-sexta-parte-un-buen-gobierno/,2026-08-15,complete official EZLN communique in Spanish inspected,"Declared division of functions among autonomous municipalities, regional Good Government Councils, communities, and the EZLN oversight structure","complaints against autonomous councils, human-rights violations, protests, conflicts, corruption, arbitrariness, or unequal municipal development","regional council receives complaints, investigates truth, mediates intermunicipal conflict, and monitors agreed laws and projects",Good Government Council may order an autonomous municipal council to correct an error and monitor compliance; municipalities retain justice and other ordinary governing functions,"regional council plus a distinct EZLN committee oversight role intended to prevent corruption, intolerance, arbitrariness, and injustice","the communique establishes intended architecture and launch, not case-level implementation, appeal performance, or later human outcomes",F-187 promoted,Primary movement statement. It directly distinguishes local government from a regional correction layer inside Zapatista autonomy; it does not prove that either layer always functioned as described.
LP-002,LP-001,autonomous Indigenous justice ethnography,The Politics of Justice: Zapatista Autonomy at the Margins of the Neoliberal Mexican State,Mariana Mora,2015,Latin American and Caribbean Ethnic Studies 10(1),10.1080/17442222.2015.1034439,https://doi.org/10.1080/17442222.2015.1034439,2026-08-15,"publisher abstract, notes, and article metadata inspected; complete article not publicly accessible in this pass",Ethnographic analysis of Zapatista conflict-resolution practices and their relationship to Mexican state regulation,"local civil, interpersonal, and land conflicts in Zapatista autonomous territory",community and autonomous authorities use culturally grounded conflict-resolution practices,Zapatista justice operates as an alternative forum rather than merely referring ordinary conflict to official Peace Courts,article analyses the interplay between autonomous practice and shifting state regulation; complete case-level appeal records were not available in this pass,supports enactment of autonomous justice but does not provide a representative denominator or complete later-outcome panel,F-187 corroboration; no separate finding,"Kept distinct from the EZLN's own institutional statement. The article supports practice, not a claim that every decision was fair or independent."
LP-003,LP-001,autonomous Indigenous governance primary reorganization,Ninth Part: The new structure of Zapatista Autonomy,Ejercito Zapatista de Liberacion Nacional; Subcomandante Insurgente Moises,2023,Enlace Zapatista,,https://enlacezapatista.ezln.org.mx/2023/11/13/ninth-part-the-new-structure-of-zapastista-autonomy/,2026-08-15,complete official English translation inspected,"Declared replacement of MAREZ/JBG structure with Local Autonomous Governments, Collectives, and zone assemblies after a decade of evaluation","mismanagement, corruption, errors, needs spanning communities, and external threats",local assemblies direct GALs; GALs report errors and convene CGAZ/ACGAZ layers according to need,"health, education, agroecology, justice, commerce, training, security, and emergency functions move among local, regional, and zone levels according to scale",upper layers are declared accountable downward and without independent authority over the base; the movement describes criticism and self-criticism as the basis for redesign,the statement says the new structure is still being learned and supplies no evaluation of later performance,F-188 promoted,High confidence for declared architecture; no inference that the 2023 design solved the weaknesses that motivated it.
LP-004,LP-001,current Zapatista authority field study and contested-control boundary,The difficult art of sustaining alternative governance: the case of the EZLN,Luca Venga,2025,"Territory, Politics, Governance",10.1080/21622671.2025.2583055,https://doi.org/10.1080/21622671.2025.2583055,2026-08-15,"complete publisher HTML, methods, findings, limitations, ethics, and disclosure sections inspected through indexed full text","Summer 2023 ethnography and more than 40 semi-structured interviews across several Chiapas sites concerning competing public authorities, justice, education, and recent pressure","fragmented public authority, cartel and paramilitary pressure, pandemic disruption, service gaps, and declining territorial reach","participant observation and purposive interviews with state officials, Zapatistas, sympathizers, businesses, journalists, clergy, and civil society actors","parallel Zapatista justice, education, public-goods provision, and recent decentralized reorganization",author compares multiple authority centers and reports both legitimacy and decline claims; interview data are anonymized and unavailable publicly for safety,"reports long coexistence with state authority, some respected autonomous justice and educational diffusion, plus recent loss of reach under new pressures",F-187 and F-188 corroboration; no separate finding,"One current field study, not a definitive population estimate. Its decline interpretation may partly describe adaptation, sealed access, or regional variation and must not be universalized."
LP-005,LP-003,translocal Zapatista pedagogy and diffusion,Sowing Indigenous Autonomy: Building a Common Political-Ethical Territory of Struggle with Zapatista Seed Pedagogics,Charlotte Maria Saenz,2024,Latin American Perspectives 51(5),10.1177/0094582X241288861,https://doi.org/10.1177/0094582X241288861,2026-08-15,"publisher abstract, methods summary, metadata, and references inspected; companion open 2023 article record inspected","Interviews with external activists in neo-Zapatista networks about decades of learning, accompaniment, and organization outside autonomous territory",hierarchy and vanguard habits reproduced inside movements seeking social change,qualitative interviews and evolving conversations with external activists who encountered or accompanied Zapatismo,"reflexive learning, listening, historical memory, collective organization, and transgeographic political-ethical practice",participants reflect on lifelong learning rather than receiving a fixed organizational blueprint,reports collectivities and political-ethical learning beyond Zapatista territory but not worldwide adoption rates or comparative community outcomes,F-189 promoted,Useful for the owner's diffusion criterion. Interviewed movement-adjacent activists are not a representative sample of all visitors or attempted adaptations.
LP-006,,hybrid Indigenous municipal autonomy and communal security,"Communal Responses to Structural Violence and Dispossession in Cheran, Mexico",Giovanna Gasparello,2021,Latin American Perspectives 48(1),10.1177/0094582X20975004,https://doi.org/10.1177/0094582X20975004,2026-08-15,"complete indexed publisher article, methods, findings, limitations, and conclusion inspected","Long-stay ethnography, 26 structured interviews, newspaper history, official demographic and crime data, and institutional analysis of Cheran after the 2011 uprising","kidnapping, extortion, illegal logging, homicide, disappearance, political corruption, and state failure","bonfire and neighborhood assemblies, communal councils, Community Watch, local mediation, field interviews, and public data",communal government and security replaced party government and municipal police; local council handles minor matters while serious crimes are referred to a state Public Ministry office,rotating and nested assemblies oversee councils; legal proceedings secured recognition of elections under Indigenous norms; state subsidies and serious-crime referral remained,"reported drastic decline in high-impact crime after 2013, reforestation, renewed public life, and attempted replication nearby, with structural economic exclusion unresolved",F-190 promoted,"A hybrid autonomy case: community organization preceded legal recognition, while selective state interfaces and public subsidies remained. Observational design does not isolate causality."
LP-007,LP-006,official recognition of Indigenous self-government,SUP-JDC-9167/2011: Juicio para la proteccion de los derechos politico-electorales del ciudadano,"Tribunal Electoral del Poder Judicial de la Federacion, Sala Superior",2011,Tribunal Electoral del Poder Judicial de la Federacion,,https://www.te.gob.mx/sentenciasHTML/convertir/expediente/SUP-JDC-9167-2011,2026-08-15,complete official judgment HTML and dispositive orders inspected,"Official ruling on Cheran community members' right to elect their authorities through their own norms, procedures, and traditional practices",state electoral body claimed local law supplied neither a procedure nor authority for an usos-y-costumbres election,federal electoral judicial review grounded in constitutional Indigenous self-determination and effective access to justice,"revoked the state electoral agreement, displaced the party-election preparations, and ordered implementation actions",federal electoral judgment and subsequent implementation duties,established legal recognition of the requested election route; it did not create Cheran's prior mobilization or prove later governance quality,F-190 official corroboration; no separate finding,"The case shows strategic use of a state court to protect an autonomous order, not dependence on the court for the origin of that order."
LP-008,,regional Indigenous policing and justice comparison,Indigenous Resistance to Criminal Governance: Why Regional Ethnic Autonomy Institutions Protect Communities from Narco Rule in Mexico,Sandra Ley; Shannan Mattiace; Guillermo Trejo,2019,Latin American Research Review 54(1),10.25222/larr.377,https://doi.org/10.25222/larr.377,2026-08-15,"complete open article, methods, paired comparison, alternative explanations, and external-validity analysis inspected",Paired process tracing in Guerrero and Chihuahua using more than 30 interviews plus statistical analysis of 881 Indigenous municipalities in 20 Mexican states,"cartel attempts to capture local governments, police, territory, young recruits, and economic activity",community assemblies select and oversee local police and regional prosecutors; Casas de Justicia investigate; paired regional comparison and municipality-level analysis test mechanisms,"CRAC-PC scales village accountability into regional policing, justice, information sharing, cross-village mobilization, and external territorial defense",assemblies oversee and sanction officers; multiple local and regional layers create internal accountability and translocal protection,study reports far stronger resistance to criminal governance in Guerrero than the isolated Tarahumara comparison and supportive municipality-level association,F-191 promoted,"Strong mechanism evidence but observational. It does not establish perfect due process, complete crime incidence, gender equality, or current performance after later CRAC-PC fractures."
LP-009,,international normative Indigenous juridical-systems boundary,"United Nations Declaration on the Rights of Indigenous Peoples, Article 34",United Nations General Assembly,2007,United Nations General Assembly Resolution 61/295,,https://www.un.org/esa/socdev/unpfii/documents/DRIPS_en.pdf,2026-08-15,official declaration text and Article 34 inspected through UN/OHCHR and government-hosted copies,"Normative recognition of Indigenous institutional structures, procedures, practices, and juridical systems",not applicable,not applicable,"recognizes a right to promote, develop, and maintain Indigenous juridical systems and customs",expressly conditions the right on international human-rights standards,normative declaration; no implementation or comparative outcome supplied,F-192 promoted,"High authority for the normative boundary, zero causal or implementation evidence. It rejects a state-monopoly presumption while retaining a rights floor."
